{"accuracy": [0.5278745889663696, 0.7051393985748291, 0.7425957918167114, 0.7761324048042297, 0.7970383167266846, 0.8127177953720093, 0.8175086975097656, 0.8279616832733154, 0.8340592384338379, 0.8205574750900269], "loss": [1.1410706043243408, 0.8263450264930725, 0.6829901933670044, 0.5930535197257996, 0.5582587122917175, 0.5042679905891418, 0.47995877265930176, 0.4551648795604706, 0.42966964840888977, 0.44175010919570923], "val_accuracy": [0.6358885169029236, 0.700348436832428, 0.7055749297142029, 0.7491289377212524, 0.7595818638801575, 0.7804877758026123, 0.7630661725997925, 0.7804877758026123, 0.7909407615661621, 0.7787456512451172], "val_loss": [0.9473711252212524, 0.7519918084144592, 0.7172880172729492, 0.5809361338615417, 0.549238920211792, 0.566510796546936, 0.5009981989860535, 0.476601779460907, 0.4541974365711212, 0.4798264503479004]}